../Faces/s4/img26.jpg;0
../Faces/s4/img29.jpg;0
../Faces/s4/img12.jpg;0
../Faces/s4/img27.jpg;0
../Faces/s4/img37.jpg;0
../Faces/s4/img28.jpg;0
../Faces/s2/img13.jpg;1
../Faces/s2/img20.jpg;1
../Faces/s2/img5.jpg;1
../Faces/s2/img25.jpg;1
../Faces/s2/img14.jpg;1
../Faces/s2/img9.jpg;1
../Faces/s3/img23.jpg;2
../Faces/s3/img3.jpg;2
../Faces/s3/img5.jpg;2
../Faces/s3/img25.jpg;2
../Faces/s3/img1.jpg;2
../Faces/s3/img28.jpg;2
../Faces/s5/img22.jpg;3
../Faces/s5/img19.jpg;3
../Faces/s5/img25.jpg;3
../Faces/s5/img34.jpg;3
../Faces/s5/img2.jpg;3
../Faces/s5/img42.jpg;3
../Faces/s1/img41.jpg;4
../Faces/s1/img3.jpg;4
../Faces/s1/img6.jpg;4
../Faces/s1/img16.jpg;4
../Faces/s1/img32.jpg;4
../Faces/s1/img51.jpg;4
../Faces/s6/img18.jpg;5
../Faces/s6/img20.jpg;5
../Faces/s6/img19.jpg;5
../Faces/s6/img5.jpg;5
../Faces/s6/img27.jpg;5
../Faces/s6/img2.jpg;5

